id,outcome
0,noad.
1,noad.
2,noad.
3,noad.
4,noad.
5,noad.
6,noad.
7,noad.
8,noad.
9,noad.
10,noad.
11,noad.
12,noad.
13,noad.
14,noad.
15,noad.
16,noad.
17,noad.
18,noad.
19,noad.
20,noad.
21,noad.
22,noad.
23,noad.
24,noad.
25,noad.
26,noad.
27,noad.
28,noad.
29,noad.
30,noad.
31,noad.
32,noad.
33,noad.
34,noad.
35,noad.
36,noad.
37,noad.
38,noad.
39,noad.
40,noad.
41,noad.
42,noad.
43,noad.
44,noad.
45,noad.
46,noad.
47,noad.
48,noad.
49,noad.
50,noad.
51,noad.
52,noad.
53,noad.
54,noad.
55,noad.
56,noad.
57,noad.
58,noad.
59,noad.
60,noad.
61,noad.
62,noad.
63,noad.
64,noad.
65,noad.
66,noad.
67,noad.
68,noad.
69,noad.
70,noad.
71,noad.
72,noad.
73,noad.
74,noad.
75,noad.
76,noad.
77,noad.
78,noad.
79,noad.
80,noad.
81,noad.
82,noad.
83,noad.
84,noad.
85,noad.
86,noad.
87,noad.
88,noad.
89,noad.
90,noad.
91,noad.
92,noad.
93,noad.
94,noad.
95,noad.
96,noad.
97,noad.
98,noad.
99,noad.
100,noad.
101,noad.
102,noad.
103,noad.
104,noad.
105,noad.
106,noad.
107,noad.
108,noad.
109,noad.
110,noad.
111,noad.
112,noad.
113,noad.
114,noad.
115,noad.
116,noad.
117,noad.
118,noad.
119,noad.
120,noad.
121,noad.
122,noad.
123,noad.
124,noad.
125,noad.
126,noad.
127,noad.
128,noad.
129,noad.
130,noad.
131,noad.
132,noad.
133,noad.
134,noad.
135,noad.
136,noad.
137,noad.
138,noad.
139,noad.
140,noad.
141,noad.
142,noad.
143,noad.
144,noad.
145,noad.
146,noad.
147,noad.
148,noad.
149,noad.
150,noad.
151,noad.
152,noad.
153,noad.
154,noad.
155,noad.
156,noad.
157,noad.
158,noad.
159,noad.
160,noad.
161,noad.
162,noad.
163,noad.
164,noad.
165,noad.
166,noad.
167,noad.
168,noad.
169,noad.
170,noad.
171,noad.
172,noad.
173,noad.
174,noad.
175,noad.
176,noad.
177,noad.
178,noad.
179,noad.
180,noad.
181,noad.
182,noad.
183,noad.
184,noad.
185,noad.
186,noad.
187,noad.
188,noad.
189,noad.
190,noad.
191,noad.
192,noad.
193,noad.
194,noad.
195,noad.
196,noad.
197,noad.
198,noad.
199,noad.
200,noad.
201,noad.
202,noad.
203,noad.
204,noad.
205,noad.
206,noad.
207,noad.
208,noad.
209,noad.
210,noad.
211,noad.
212,noad.
213,noad.
214,noad.
215,noad.
216,noad.
217,noad.
218,noad.
219,noad.
220,noad.
221,noad.
222,noad.
223,noad.
224,noad.
225,noad.
226,noad.
227,noad.
228,noad.
229,noad.
230,noad.
231,noad.
232,noad.
233,noad.
234,noad.
235,noad.
236,noad.
237,noad.
238,noad.
239,noad.
240,noad.
241,noad.
242,noad.
243,noad.
244,noad.
245,noad.
246,noad.
247,noad.
248,noad.
249,noad.
250,noad.
251,noad.
252,noad.
253,noad.
254,noad.
255,noad.
256,noad.
257,noad.
258,noad.
259,noad.
260,noad.
261,noad.
262,noad.
263,noad.
264,noad.
265,noad.
266,noad.
267,noad.
268,noad.
269,noad.
270,noad.
271,noad.
272,noad.
273,noad.
274,noad.
275,noad.
276,noad.
277,noad.
278,noad.
279,noad.
280,noad.
281,noad.
282,noad.
283,noad.
284,noad.
285,noad.
286,noad.
287,noad.
288,noad.
289,noad.
290,noad.
291,noad.
292,noad.
293,noad.
294,noad.
295,noad.
296,noad.
297,noad.
298,noad.
299,noad.
300,noad.
301,noad.
302,noad.
303,noad.
304,noad.
305,noad.
306,noad.
307,noad.
308,noad.
309,noad.
310,noad.
311,noad.
312,noad.
313,noad.
314,noad.
315,noad.
316,noad.
317,noad.
318,noad.
319,noad.
320,noad.
321,noad.
322,noad.
323,noad.
324,noad.
325,noad.
326,noad.
327,noad.
328,noad.
329,noad.
330,noad.
331,noad.
332,noad.
333,noad.
334,noad.
335,noad.
336,noad.
337,noad.
338,noad.
339,noad.
340,noad.
341,noad.
342,noad.
343,noad.
344,noad.
345,noad.
346,noad.
347,noad.
348,noad.
349,noad.
350,noad.
351,noad.
352,noad.
353,noad.
354,noad.
355,noad.
356,noad.
357,noad.
358,noad.
359,noad.
360,noad.
361,noad.
362,noad.
363,noad.
364,noad.
365,noad.
366,noad.
367,noad.
368,noad.
369,noad.
370,noad.
371,noad.
372,noad.
373,noad.
374,noad.
375,noad.
376,noad.
377,noad.
378,noad.
379,noad.
380,noad.
381,noad.
382,noad.
383,noad.
384,noad.
385,noad.
386,noad.
387,noad.
388,noad.
389,noad.
390,noad.
391,noad.
392,noad.
393,noad.
394,noad.
395,noad.
396,noad.
397,noad.
398,noad.
399,noad.
400,noad.
401,noad.
402,noad.
403,noad.
404,noad.
405,noad.
406,noad.
407,noad.
408,noad.
409,noad.
410,noad.
411,noad.
412,noad.
413,noad.
414,noad.
415,noad.
416,noad.
417,noad.
418,noad.
419,noad.
420,noad.
421,noad.
422,noad.
423,noad.
424,noad.
425,noad.
426,noad.
427,noad.
428,noad.
429,noad.
430,noad.
431,noad.
432,noad.
433,noad.
434,noad.
435,noad.
436,noad.
437,noad.
438,noad.
439,noad.
440,noad.
441,noad.
442,noad.
443,noad.
444,noad.
445,noad.
446,noad.
447,noad.
448,noad.
449,noad.
450,noad.
451,noad.
452,noad.
453,noad.
454,noad.
455,noad.
456,noad.
457,noad.
458,noad.
459,noad.
460,noad.
461,noad.
462,noad.
463,noad.
464,noad.
465,noad.
466,noad.
467,noad.
468,noad.
469,noad.
470,noad.
471,noad.
472,noad.
473,noad.
474,noad.
475,noad.
476,noad.
477,noad.
478,noad.
479,noad.
480,noad.
481,noad.
482,noad.
483,noad.
484,noad.
485,noad.
486,noad.
487,noad.
488,noad.
489,noad.
490,noad.
491,noad.
492,noad.
493,noad.
494,noad.
495,noad.
496,noad.
497,noad.
498,noad.
499,noad.
500,noad.
501,noad.
502,noad.
503,noad.
504,noad.
505,noad.
506,noad.
507,noad.
508,noad.
509,noad.
510,noad.
511,noad.
512,noad.
513,noad.
514,noad.
515,noad.
516,noad.
517,noad.
518,noad.
519,noad.
520,noad.
521,noad.
522,noad.
523,noad.
524,noad.
525,noad.
526,noad.
527,noad.
528,noad.
529,noad.
530,noad.
531,noad.
532,noad.
533,noad.
534,noad.
535,noad.
536,noad.
537,noad.
538,noad.
539,noad.
540,noad.
541,noad.
542,noad.
543,noad.
544,noad.
545,noad.
546,noad.
547,noad.
548,noad.
549,noad.
550,noad.
551,noad.
552,noad.
553,noad.
554,noad.
555,noad.
556,noad.
557,noad.
558,noad.
559,noad.
560,noad.
561,noad.
562,noad.
563,noad.
564,noad.
565,noad.
566,noad.
567,noad.
568,noad.
569,noad.
570,noad.
571,noad.
572,noad.
573,noad.
574,noad.
575,noad.
576,noad.
577,noad.
578,noad.
579,noad.
580,noad.
581,noad.
582,noad.
583,noad.
584,noad.
585,noad.
586,noad.
587,noad.
588,noad.
589,noad.
590,noad.
591,noad.
592,noad.
593,noad.
594,noad.
595,noad.
596,noad.
597,noad.
598,noad.
599,noad.
600,noad.
601,noad.
602,noad.
603,noad.
604,noad.
605,noad.
606,noad.
607,noad.
608,noad.
609,noad.
610,noad.
611,noad.
612,noad.
613,noad.
614,noad.
615,noad.
616,noad.
617,noad.
618,noad.
619,noad.
620,noad.
621,noad.
622,noad.
623,noad.
624,noad.
625,noad.
626,noad.
627,noad.
628,noad.
629,noad.
630,noad.
631,noad.
632,noad.
633,noad.
634,noad.
635,noad.
636,noad.
637,noad.
638,noad.
639,noad.
640,noad.
641,noad.
642,noad.
643,noad.
644,noad.
645,noad.
646,noad.
647,noad.
648,noad.
649,noad.
650,noad.
651,noad.
652,noad.
653,noad.
654,noad.
655,noad.
656,noad.
657,noad.
658,noad.
659,noad.
660,noad.
661,noad.
662,noad.
663,noad.
664,noad.
665,noad.
666,noad.
667,noad.
668,noad.
669,noad.
670,noad.
671,noad.
672,noad.
673,noad.
674,noad.
675,noad.
676,noad.
677,noad.
678,noad.
679,noad.
680,noad.
681,noad.
682,noad.
683,noad.
684,noad.
685,noad.
686,noad.
687,noad.
688,noad.
689,noad.
690,noad.
691,noad.
692,noad.
693,noad.
694,noad.
695,noad.
696,noad.
697,noad.
698,noad.
699,noad.
700,noad.
701,noad.
702,noad.
703,noad.
704,noad.
705,noad.
706,noad.
707,noad.
708,noad.
709,noad.
710,noad.
711,noad.
712,noad.
713,noad.
714,noad.
715,noad.
716,noad.
717,noad.
718,noad.
719,noad.
720,noad.
721,noad.
722,noad.
723,noad.
724,noad.
725,noad.
726,noad.
727,noad.
728,noad.
729,noad.
730,noad.
731,noad.
732,noad.
733,noad.
734,noad.
735,noad.
736,noad.
737,noad.
738,noad.
739,noad.
740,noad.
741,noad.
742,noad.
743,noad.
744,noad.
745,noad.
746,noad.
747,noad.
748,noad.
749,noad.
750,noad.
751,noad.
752,noad.
753,noad.
754,noad.
755,noad.
756,noad.
757,noad.
758,noad.
759,noad.
760,noad.
761,noad.
762,noad.
763,noad.
764,noad.
765,noad.
766,noad.
767,noad.
768,noad.
769,noad.
770,noad.
771,noad.
772,noad.
773,noad.
774,noad.
775,noad.
776,noad.
777,noad.
778,noad.
779,noad.
780,noad.
781,noad.
782,noad.
783,noad.
784,noad.
785,noad.
786,noad.
787,noad.
788,noad.
789,noad.
790,noad.
791,noad.
792,noad.
793,noad.
794,noad.
795,noad.
796,noad.
797,noad.
798,noad.
799,noad.
800,noad.
801,noad.
802,noad.
803,noad.
804,noad.
805,noad.
806,noad.
807,noad.
808,noad.
809,noad.
810,noad.
811,noad.
812,noad.
813,noad.
814,noad.
815,noad.
816,noad.
817,noad.
818,noad.
819,noad.
